{
	"format_version": "1.8.0",
	"animations": {
		"chop": {
			"animation_length": 0.4167,
			"bones": {
				"left_arm": {
					"rotation": {
						"0.0": {
							"vector": [0, 0, 0]
						},
						"0.0833": {
							"vector": [0.9381, -22.42171, -10.32055]
						},
						"0.25": {
							"vector": [0.44067, -9.99038, -2.53852]
						}
					},
					"position": {
						"vector": [0, 0, 0]
					}
				},
				"right_arm": {
					"rotation": {
						"0.0": {
							"vector": [0, 0, 0]
						},
						"0.0833": {
							"vector": [-58.43158, -33.46198, 1.16749]
						},
						"0.1667": {
							"vector": [-46.30065, -53.60062, -19.71284]
						},
						"0.2083": {
							"vector": [-64.4055, 8.08968, 27.92619]
						},
						"0.25": {
							"vector": [-32.95016, 60.75188, 71.24127]
						},
						"0.2917": {
							"vector": [-9.77087, 65.41552, 97.12587]
						}
					},
					"position": {
						"0.0": {
							"vector": [0, 0, 0]
						},
						"0.1667": {
							"vector": [1, 0, -1]
						}
					}
				},
				"torso": {
					"rotation": {
						"0.0": {
							"vector": [0, 0, 0]
						},
						"0.0833": {
							"vector": [0, -7.5, 0]
						},
						"0.1667": {
							"vector": [0, -17.5, 0]
						},
						"0.25": {
							"vector": [0, 5, 0]
						}
					},
					"position": {
						"vector": [0, 0, 0]
					}
				}
			}
		}
	}
}