{
	"format_version": "1.8.0",
	"animations": {
		"eveawakening": {
			"animation_length": 4,
			"bones": {
				"left_leg": {
					"rotation": {
						"0.0": {
							"vector": [0, 0, 0]
						},
						"0.5": {
							"vector": [2.5, 0, -7.5]
						},
						"1.1667": {
							"vector": [2.5, 0, -7.5]
						},
						"1.4167": {
							"vector": [0, 0, 0]
						},
						"1.8333": {
							"vector": [0, 0, 0]
						},
						"1.9167": {
							"vector": [2.5, 0, -7.5]
						}
					},
					"position": {
						"0.0": {
							"vector": [0, 0, 0]
						},
						"0.5": {
							"vector": [0, 1, 0]
						},
						"1.1667": {
							"vector": [0, 1, 0]
						},
						"1.4167": {
							"vector": [0, 4, -1]
						},
						"1.8333": {
							"vector": [0, 4, -1]
						},
						"1.9167": {
							"vector": [0, 1, 0]
						}
					}
				},
				"right_leg": {
					"rotation": {
						"0.0": {
							"vector": [0, 0, 0]
						},
						"0.5": {
							"vector": [2.5, 0, 7.5]
						},
						"1.1667": {
							"vector": [2.5, 0, 7.5]
						},
						"1.4167": {
							"vector": [0, 0, 0]
						},
						"1.8333": {
							"vector": [0, 0, 0]
						},
						"1.9167": {
							"vector": [2.5, 0, 7.5]
						}
					},
					"position": {
						"0.0": {
							"vector": [0, 0, 0]
						},
						"0.5": {
							"vector": [0, 1, 0]
						},
						"1.1667": {
							"vector": [0, 1, 0]
						},
						"1.4167": {
							"vector": [0, 2, 0]
						},
						"1.8333": {
							"vector": [0, 2, 0]
						},
						"1.9167": {
							"vector": [0, 1, 0]
						}
					}
				},
				"left_arm": {
					"rotation": {
						"0.0": {
							"vector": [0, 0, 0]
						},
						"0.5": {
							"vector": [15.02552, -2.6012, -7.33167]
						},
						"1.1667": {
							"vector": [15.02552, -2.6012, -7.33167]
						},
						"1.4167": {
							"vector": [-57.06263, 23.15068, 8.46171]
						},
						"1.8333": {
							"vector": [-57.06263, 23.15068, 8.46171]
						},
						"1.9167": {
							"vector": [15.02552, -2.6012, -7.33167]
						}
					},
					"position": {
						"0.0": {
							"vector": [0, 0, 0]
						},
						"0.5": {
							"vector": [0, 1, 0]
						},
						"1.1667": {
							"vector": [0, 1, 0]
						},
						"1.4167": {
							"vector": [0, 1, 0]
						},
						"1.8333": {
							"vector": [0, 1, 0]
						},
						"1.9167": {
							"vector": [0, 1, 0]
						}
					}
				},
				"right_arm": {
					"rotation": {
						"0.0": {
							"vector": [0, 0, 0]
						},
						"0.5": {
							"vector": [14.97935, 2.16957, 4.86772]
						},
						"1.1667": {
							"vector": [14.97935, 2.16957, 4.86772]
						},
						"1.4167": {
							"vector": [-56.35834, -25.66762, -12.46235]
						},
						"1.8333": {
							"vector": [-56.35834, -25.66762, -12.46235]
						},
						"1.9167": {
							"vector": [14.97935, 2.16957, 4.86772]
						}
					},
					"position": {
						"0.0": {
							"vector": [0, 0, 0]
						},
						"0.5": {
							"vector": [0, 1, 0]
						},
						"1.1667": {
							"vector": [0, 1, 0]
						},
						"1.9167": {
							"vector": [0, 1, 0]
						}
					}
				},
				"head": {
					"rotation": {
						"0.0": {
							"vector": [0, 0, 0]
						},
						"0.5": {
							"vector": [-45, 0, 0]
						},
						"1.1667": {
							"vector": [-45, 0, 0]
						},
						"1.4167": {
							"vector": [75, 0, 0]
						},
						"1.8333": {
							"vector": [75, 0, 0]
						},
						"1.9167": {
							"vector": [-45, 0, 0]
						}
					},
					"position": {
						"0.0": {
							"vector": [0, 0, 0]
						},
						"0.5": {
							"vector": [0, 1, 0]
						},
						"1.1667": {
							"vector": [0, 1, 0]
						},
						"1.4167": {
							"vector": [0, 1, 0]
						},
						"1.8333": {
							"vector": [0, 1, 0]
						},
						"1.9167": {
							"vector": [0, 1, 0]
						}
					}
				},
				"torso": {
					"rotation": {
						"0.0": {
							"vector": [0, 0, 0]
						},
						"0.5": {
							"vector": [0, 0, 0]
						},
						"1.1667": {
							"vector": [0, 0, 0]
						},
						"1.4167": {
							"vector": [0, 0, 0]
						},
						"1.8333": {
							"vector": [0, 0, 0]
						},
						"1.9167": {
							"vector": [0, 0, 0]
						}
					},
					"position": {
						"0.0": {
							"vector": [0, 0, 0]
						},
						"0.5": {
							"vector": [0, 1, 0]
						},
						"1.1667": {
							"vector": [0, 1, 0]
						},
						"1.4167": {
							"vector": [0, 1, 0]
						},
						"1.8333": {
							"vector": [0, 1, 0]
						},
						"1.9167": {
							"vector": [0, 1, 0]
						}
					}
				}
			}
		}
	}
}